Workbook

Sheet Cover & Profile
B2: GWEA 2.0 | Enterprise Architecture Maturity Assessment
B3: Departmental Maturity Questionnaire
B5: Interview Details
B6: Government organisation (interviewed)
B7: Sector / cluster
B8: Respondent name & role
B9: DPSA interviewer
B10: Interview date
B12: Technology Landscape Profile (descriptive — informs Dimension 6, not scored directly)
B13: Measure | C13: Count / value
B14: Applications serving internal users | D14: Derived ratios →
B15: Applications serving external citizens / businesses | D15: External services automated | E15: =IF(C16=0,"-",C17/C16) -> -
B16: Total client-facing (external) services offered | D16: Internal services automated | E16: =IF(C18=0,"-",C19/C18) -> -
B17: Of which automated (external services automated)
B18: Total internal services offered
B19: Of which automated (internal services automated)
B21: Blue cells are inputs. Complete the profile and the Interview Details, then capture a 0–5 score per question on the Questionnaire sheet. The Scorecard updates automatically.
B23: Owner: Government Chief Information Officer, Office of the GCIO, DPSA
B24: Scribe: Enterprise Architect, Digital Services Unit, Office of the Presidency

Sheet Questionnaire
B2: Maturity Questionnaire — score each item 0 to 5
B3: 0 Non-existent · 1 Initial (ad-hoc) · 2 Repeatable (inconsistent) · 3 Defined (FAIR — target) · 4 Managed (good) · 5 Optimised (excellent)
B5: ID | C5: Question | D5: 0 — Non-existent | E5: 1 — Initial | F5: 2 — Repeatable | G5: 3 — Defined (target) | H5: 4 — Managed | I5: 5 — Optimised | J5: Score | K5: Evidence / notes
B6: 1.1 | C6: A dedicated enterprise architect or EA capability exists in the organisation. | D6: No EA role; nobody accountable for architecture. | E6: Architecture done occasionally by an individual when needed. | F6: Informal EA responsibility assigned but part-time or unclear. | G6: Designated EA role(s) with a defined mandate and reporting line. | H6: Established EA function with adequate capacity and clear accountability. | I6: Resourced EA team, career path, continuous skills development. | J6: 0
B7: 1.2 | C7: A documented EA process aligned to the TOGAF ADM is in place. | D7: No documented process. | E7: Architecture done ad-hoc with no defined method. | F7: Some steps followed inconsistently and not fully documented. | G7: ADM-aligned process documented and approved. | H7: Process consistently followed and managed across initiatives. | I7: Process tailored, version-controlled and continuously improved. | J7: 1
B8: 1.3 | C8: The EA process is actively used to guide change, not just documented. | D8: Never applied in practice. | E8: Used once or sporadically on isolated efforts. | F8: Applied on some projects but inconsistently. | G8: Applied on most significant initiatives. | H8: Consistently applied and monitored for compliance. | I8: Applied consistently; embedded in all change and planning. | J8: 2
B9: 1.4 | C9: New technology solutions are motivated through architecture rather than ad-hoc directive. | D9: Solutions driven solely by management directive / advocacy. | E9: Occasional architecture input, usually after decisions are taken. | F9: Architecture consulted on some solutions but not required. | G9: Major solutions require an architecture motivation. | H9: Architecture motivation enforced for all significant investment. | I9: All investment gated by architecture-based business case. | J9: 1
B10: 1.5 | C10: EA competency and method knowledge (TOGAF / ArchiMate) is sustained in-house. | D10: No internal EA skills. | E10: Reliance on individual, self-taught knowledge. | F10: Some informal training; skills not actively maintained. | G10: Core team trained and certified in the method. | H10: Structured skills programme keeps competencies current. | I10: Deep bench, mentoring, recognised centre of practice. | J10: 0
B11: 2.1 | C11: An EA exercise (by SITA, a private firm, or in-house) has been conducted. | D11: No EA exercise ever undertaken. | E11: Partial, once-off effort on a single domain. | F11: An exercise attempted but incomplete or now outdated. | G11: EA exercise completed covering the core domains. | H11: EA refreshed on a planned, recurring basis. | I11: EA maintained as a living, regularly refreshed practice. | J11: 2
B12: 2.2 | C12: The most recent EA exercise is current. | D12: None, or older than 5 years. | E12: Last exercise 4–5 years old. | F12: Last exercise 3–4 years old. | G12: Completed within the last 2–3 years. | H12: Reviewed or updated within the last 12–24 months. | I12: Continuously maintained / refreshed within 12 months. | J12: 3
B13: 2.3 | C13: An implementation roadmap was produced from the architecture. | D13: No roadmap produced. | E13: High-level intentions only, not structured. | F13: Partial roadmap covering some areas. | G13: Roadmap with sequenced work packages exists. | H13: Roadmap costed and resourced. | I13: Roadmap costed, prioritised and integrated with planning. | J13: 0
B14: 2.4 | C14: The implementation roadmap is being executed and tracked. | D14: Roadmap shelved / not started. | E14: Isolated actions taken but not tracked. | F14: Some delivery with no consistent tracking. | G14: Roadmap partly delivered with progress tracked. | H14: Delivered on schedule with active governance. | I14: Roadmap delivered and governed against measurable outcomes. | J14: 1
B15: 3.1 | C15: An architecture repository is in place. | D15: No repository. | E15: Artefacts kept ad-hoc on personal drives. | F15: Shared folder of documents, unstructured. | G15: Central repository established and populated. | H15: Maintained repository with access governance. | I15: Authoritative repository, governed, single source of truth. | J15: 1
B16: 3.2 | C16: The repository is kept current and used regularly. | D16: Dormant or abandoned. | E16: Rarely accessed and outdated. | F16: Updated occasionally and inconsistently. | G16: Updated and consulted periodically. | H16: Routinely maintained and widely used. | I16: Continuously maintained; integral to decision-making. | J16: 1
B17: 3.3 | C17: The repository holds architecture diagrams / models. | D17: No models held. | E17: A few isolated diagrams only. | F17: Some layers partially modelled. | G17: Key layers modelled (business, application, technology). | H17: Consistent models maintained across layers. | I17: Full ArchiMate models across all relevant layers. | J17: 0
... B35: 6.5 | C35: A digital service / channel strategy guides service automation. | D35: No service-automation strategy. | E35: Intentions stated but no plan. | F35: Draft strategy, not yet adopted. | G35: Strategy defined with prioritised service targets. | H35: Strategy adopted and being executed. | I35: Strategy executed, measured and optimised by outcomes. | J35: 1

Sheet Scorecard
B2: Maturity Scorecard
B3: Dimension scores, weighted overall, and maturity band (target = 3.0).
B5: Code | C5: Dimension | D5: Score /5 | E5: Weight | F5: Weighted | G5: Band
B6: D1 | C6: EA Practice & Capability | D6: =IF(COUNT(Questionnaire!J6:J10)=0,0,AVERAGE(Questionnaire!J6:J10)) -> 0.8 | E6: 1 | F6: =D6*E6 -> 0.8 | G6: =IF(D6>=4.5,"Optimised",IF(D6>=3.5,"Managed",IF(D6>=2.5,"Defined",IF(D6>=1.5,"Repeatable",IF(D6>=0.5,"Initial","Non-existent"))))) -> Initial
B7: D2 | C7: Architecture Engagements & Roadmap | D7: =IF(COUNT(Questionnaire!J11:J14)=0,0,AVERAGE(Questionnaire!J11:J14)) -> 1.5 | E7: 1 | F7: =D7*E7 -> 1.5 | G7: =IF(D7>=4.5,"Optimised",IF(D7>=3.5,"Managed",IF(D7>=2.5,"Defined",IF(D7>=1.5,"Repeatable",IF(D7>=0.5,"Initial","Non-existent"))))) -> Repeatable
B8: D3 | C8: Repository & Artefacts | D8: =IF(COUNT(Questionnaire!J15:J20)=0,0,AVERAGE(Questionnaire!J15:J20)) -> 0.66666667 | E8: 1 | F8: =D8*E8 -> 0.66666667 | G8: =IF(D8>=4.5,"Optimised",IF(D8>=3.5,"Managed",IF(D8>=2.5,"Defined",IF(D8>=1.5,"Repeatable",IF(D8>=0.5,"Initial","Non-existent"))))) -> Initial
B9: D4 | C9: Data Management & Interoperability | D9: =IF(COUNT(Questionnaire!J21:J25)=0,0,AVERAGE(Questionnaire!J21:J25)) -> 1 | E9: 1 | F9: =D9*E9 -> 1 | G9: =IF(D9>=4.5,"Optimised",IF(D9>=3.5,"Managed",IF(D9>=2.5,"Defined",IF(D9>=1.5,"Repeatable",IF(D9>=0.5,"Initial","Non-existent"))))) -> Initial
B10: D5 | C10: Governance & Strategic Alignment | D10: =IF(COUNT(Questionnaire!J26:J30)=0,0,AVERAGE(Questionnaire!J26:J30)) -> 1.6 | E10: 1 | F10: =D10*E10 -> 1.6 | G10: =IF(D10>=4.5,"Optimised",IF(D10>=3.5,"Managed",IF(D10>=2.5,"Defined",IF(D10>=1.5,"Repeatable",IF(D10>=0.5,"Initial","Non-existent"))))) -> Repeatable
B11: D6 | C11: Service Digitisation | D11: =IF(COUNT(Questionnaire!J31:J35)=0,0,AVERAGE(Questionnaire!J31:J35)) -> 2.2 | E11: 1 | F11: =D11*E11 -> 2.2 | G11: =IF(D11>=4.5,"Optimised",IF(D11>=3.5,"Managed",IF(D11>=2.5,"Defined",IF(D11>=1.5,"Repeatable",IF(D11>=0.5,"Initial","Non-existent"))))) -> Repeatable
B12: OVERALL MATURITY | D12: =IF(SUM(E6:E11)=0,0,SUMPRODUCT(D6:D11,E6:E11)/SUM(E6:E11)) -> 1.2944444 | F12: / 5.00 | G12: =IF(D12>=4.5,"Optimised",IF(D12>=3.5,"Managed",IF(D12>=2.5,"Defined (Fair)",IF(D12>=1.5,"Repeatable",IF(D12>=0.5,"Initial","Non-existent"))))) -> Initial
B13: Target ≥ 3.00 (Fair / Defined). 4.00 = Good (Managed). 5.00 = Excellent (Optimised).
I15: Dimension | J15: Actual | K15: Target
I16: EA Practice & Capability | J16: =D6 -> 0.8 | K16: 3
I17: Architecture Engagements & Roadmap | J17: =D7 -> 1.5 | K17: 3
I18: Repository & Artefacts | J18: =D8 -> 0.66666667 | K18: 3
I19: Data Management & Interoperability | J19: =D9 -> 1 | K19: 3
I20: Governance & Strategic Alignment | J20: =D10 -> 1.6 | K20: 3
I21: Service Digitisation | J21: =D11 -> 2.2 | K21: 3

Sheet Maturity Levels
B2: Maturity Levels (process-maturity scale)
B4: Score | C4: Level | D4: Description
B5: 0 | C5: Non-existent | D5: No capability in place; the practice is absent.
B6: 1 | C6: Initial | D6: Ad-hoc and dependent on individual effort; unpredictable.
B7: 2 | C7: Repeatable | D7: Some practice exists but is inconsistent and undocumented.
B8: 3 | C8: Defined — FAIR (target) | D8: Documented, standardised and applied across the organisation.
B9: 4 | C9: Managed — Good | D9: Measured and controlled against defined objectives.
B10: 5 | C10: Optimised — Excellent | D10: Continuously improved and embedded in the operating model.
B12: Scoring: each question is rated 0–5. A dimension score is the average of its questions. The overall maturity is the weighted average of the six dimension scores (weights default to 1 / equal, adjustable on the Scorecard). The Technology Landscape Profile is descriptive and informs Dimension 6 rather than being scored directly.
